name,type,description
JJBA_Alt0,Game,A ninja world with chakra and jutsu.
Harry Potter_Alt1,Anime,A world of demon slayers and breathing techniques.
Sword Art Online_Alt2,Serial,A world of demon slayers and breathing techniques.
Fate_Alt3,Serial,A dark and gritty world of crime and power.
Cyberpunk_Alt4,Movie,A world where stands rule everything.
JJBA_Alt5,Manga,A post-apocalyptic world with titans.
DC_Alt6,Game,A world of soul reapers and hollows.
Marvel_Alt7,Game,A ninja world with chakra and jutsu.
Street Fighter_Alt8,Movie,A world of demon slayers and breathing techniques.
Hellsing_Alt9,Book,A ninja world with chakra and jutsu.
Street Fighter_Alt10,Manga,A world of pirates and devil fruits.
Street Fighter_Alt11,Book,A dark and gritty world of crime and power.
Sword Art Online_Alt12,Movie,A world of soul reapers and hollows.
Gurren Lagann_Alt13,Comics,A world where stands rule everything.
Overlord_Alt14,Serial,A post-apocalyptic world with titans.
My Hero Academia_Alt15,Comics,A post-apocalyptic world with titans.
Harry Potter_Alt16,Anime,A universe with Saiyans and ki battles.
One Piece_Alt17,Movie,A world of pirates and devil fruits.
Halo_Alt18,Manga,A dark and gritty world of crime and power.
Street Fighter_Alt19,Serial,A post-apocalyptic world with titans.
Trigun_Alt20,Anime,A virtual reality gaming universe.
Lord of the Rings_Alt21,Comics,A world where stands rule everything.
Konosuba_Alt22,Anime,A universe full of superheroes and villains.
Guilty Gear_Alt23,Serial,A ninja world with chakra and jutsu.
Gurren Lagann_Alt24,Anime,A world of soul reapers and hollows.
Harry Potter_Alt25,IRL,A dark and gritty world of crime and power.
Diablo_Alt26,IRL,A world where stands rule everything.
That Time I Got Reincarnated_Alt27,Anime,A world of soul reapers and hollows.
One Piece_Alt28,Game,A virtual reality gaming universe.
BlazBlue_Alt29,Comics,A ninja world with chakra and jutsu.
My Hero Academia_Alt30,Game,A universe full of superheroes and villains.
Overlord_Alt31,IRL,A hero society with quirks.
Harry Potter_Alt32,Book,A universe full of superheroes and villains.
Trigun_Alt33,IRL,A world where stands rule everything.
Guilty Gear_Alt34,IRL,A world where stands rule everything.
Breaking Bad_Alt35,IRL,A world of pirates and devil fruits.
Cowboy Bebop_Alt36,Manga,A world where stands rule everything.
Dark Souls_Alt37,Movie,A universe with Saiyans and ki battles.
Fullmetal Alchemist_Alt38,IRL,A ninja world with chakra and jutsu.
The Witcher_Alt39,Book,A dark and gritty world of crime and power.
My Hero Academia_Alt40,Book,A ninja world with chakra and jutsu.
Halo_Alt41,Serial,A post-apocalyptic world with titans.
Overlord_Alt42,Manga,A world of pirates and devil fruits.
My Hero Academia_Alt43,Anime,A world of soul reapers and hollows.
Demon Slayer_Alt44,Book,A virtual reality gaming universe.
Hellsing_Alt45,Game,A ninja world with chakra and jutsu.
Evangelion_Alt46,Anime,A world of pirates and devil fruits.
Hellsing_Alt47,Manga,A dark and gritty world of crime and power.
Diablo_Alt48,Book,A world of soul reapers and hollows.
Marvel_Alt49,IRL,A dark and gritty world of crime and power.
DC_Alt50,Comics,A world of soul reapers and hollows.
Elden Ring_Alt51,Comics,A world where stands rule everything.
Fairy Tail_Alt52,Anime,A virtual reality gaming universe.
That Time I Got Reincarnated_Alt53,Game,A world of pirates and devil fruits.
RE_Alt54,Book,A hero society with quirks.
Diablo_Alt55,Movie,A virtual reality gaming universe.
Dota_Alt56,Anime,A universe full of superheroes and villains.
Cyberpunk_Alt57,IRL,A virtual reality gaming universe.
Harry Potter_Alt58,IRL,A ninja world with chakra and jutsu.
Bleach_Alt59,IRL,A world where stands rule everything.
Cowboy Bebop_Alt60,IRL,A universe with Saiyans and ki battles.
Guilty Gear_Alt61,IRL,A hero society with quirks.
Dota_Alt62,Anime,A world where stands rule everything.
DC_Alt63,Movie,A hero society with quirks.
Gurren Lagann_Alt64,Comics,A ninja world with chakra and jutsu.
The Witcher_Alt65,Comics,A world of pirates and devil fruits.
Konosuba_Alt66,Serial,A post-apocalyptic world with titans.
Fairy Tail_Alt67,IRL,A world of soul reapers and hollows.
One Piece_Alt68,Serial,A dark and gritty world of crime and power.
Elder Scrolls_Alt69,Anime,A hero society with quirks.
Overlord_Alt70,Movie,A world where stands rule everything.
Mortal Kombat_Alt71,Anime,A post-apocalyptic world with titans.
DC_Alt72,Book,A universe full of superheroes and villains.
Dark Souls_Alt73,Book,A world of demon slayers and breathing techniques.
Sword Art Online_Alt74,Anime,A world where stands rule everything.
Dark Souls_Alt75,IRL,A universe with Saiyans and ki battles.
Elden Ring_Alt76,Movie,A post-apocalyptic world with titans.
Halo_Alt77,Comics,A world of pirates and devil fruits.
Diablo_Alt78,Game,A virtual reality gaming universe.
Game of Thrones_Alt79,Book,A post-apocalyptic world with titans.
Tekken_Alt80,Book,A world of pirates and devil fruits.
My Hero Academia_Alt81,Anime,A ninja world with chakra and jutsu.
Gurren Lagann_Alt82,Comics,A universe with Saiyans and ki battles.
Guilty Gear_Alt83,IRL,A world of pirates and devil fruits.
Harry Potter_Alt84,Movie,A dark and gritty world of crime and power.
Evangelion_Alt85,Book,A world of pirates and devil fruits.
Street Fighter_Alt86,Movie,A dark and gritty world of crime and power.
DC_Alt87,Serial,A world of demon slayers and breathing techniques.
Elder Scrolls_Alt88,Movie,A virtual reality gaming universe.
The Witcher_Alt89,Comics,A universe full of superheroes and villains.
Tekken_Alt90,Serial,A ninja world with chakra and jutsu.
Bleach_Alt91,Manga,A world of soul reapers and hollows.
Dark Souls_Alt92,Anime,A universe full of superheroes and villains.
Gurren Lagann_Alt93,Anime,A universe with Saiyans and ki battles.
Breaking Bad_Alt94,Serial,A universe with Saiyans and ki battles.
MGS_Alt95,Game,A world of demon slayers and breathing techniques.
My Hero Academia_Alt96,IRL,A post-apocalyptic world with titans.
Warcraft_Alt97,Manga,A world where stands rule everything.
Mass Effect_Alt98,Movie,A ninja world with chakra and jutsu.
Game of Thrones_Alt99,Anime,A virtual reality gaming universe.
DC_Alt100,Manga,A dark and gritty world of crime and power.
JJBA_Alt101,Movie,A world of demon slayers and breathing techniques.
Harry Potter_Alt102,Comics,A world where stands rule everything.
Dark Souls_Alt103,Comics,A world where stands rule everything.
Warcraft_Alt104,IRL,A universe full of superheroes and villains.
Lord of the Rings_Alt105,Serial,A dark and gritty world of crime and power.
BlazBlue_Alt106,IRL,A universe with Saiyans and ki battles.
Breaking Bad_Alt107,Manga,A virtual reality gaming universe.
Guilty Gear_Alt108,Movie,A hero society with quirks.
Cyberpunk_Alt109,Serial,A world of soul reapers and hollows.
Fairy Tail_Alt110,Comics,A world of pirates and devil fruits.
Konosuba_Alt111,Manga,A dark and gritty world of crime and power.
Overlord_Alt112,Game,A post-apocalyptic world with titans.
Mortal Kombat_Alt113,Anime,A world of soul reapers and hollows.
Cowboy Bebop_Alt114,Serial,A world of demon slayers and breathing techniques.
JJBA_Alt115,Manga,A hero society with quirks.
Attack on Titan_Alt116,Serial,A post-apocalyptic world with titans.
Marvel_Alt117,Comics,A world of pirates and devil fruits.
Breaking Bad_Alt118,Anime,A universe with Saiyans and ki battles.
Naruto_Alt119,Book,A world of pirates and devil fruits.
Evangelion_Alt120,Comics,A ninja world with chakra and jutsu.
Hunter x Hunter_Alt121,Game,A world where stands rule everything.
Re Zero_Alt122,Game,A dark and gritty world of crime and power.
RE_Alt123,Manga,A world of soul reapers and hollows.
Marvel_Alt124,Manga,A universe with Saiyans and ki battles.
Lord of the Rings_Alt125,Comics,A universe full of superheroes and villains.
Breaking Bad_Alt126,Book,A universe with Saiyans and ki battles.
Konosuba_Alt127,Game,A post-apocalyptic world with titans.
Hunter x Hunter_Alt128,Book,A post-apocalyptic world with titans.
Guilty Gear_Alt129,Manga,A universe full of superheroes and villains.
Re Zero_Alt130,Movie,A universe with Saiyans and ki battles.
Re Zero_Alt131,Movie,A world of pirates and devil fruits.
Trigun_Alt132,Game,A world where stands rule everything.
Minecraft_Alt133,Serial,A universe with Saiyans and ki battles.
Minecraft_Alt134,Serial,A hero society with quirks.
Tekken_Alt135,Anime,A world where stands rule everything.
Mass Effect_Alt136,Serial,A post-apocalyptic world with titans.
Elden Ring_Alt137,Book,A dark and gritty world of crime and power.
Mortal Kombat_Alt138,Movie,A world of soul reapers and hollows.
Demon Slayer_Alt139,Serial,A dark and gritty world of crime and power.
Demon Slayer_Alt140,Anime,A world where stands rule everything.
DC_Alt141,Serial,A hero society with quirks.
Attack on Titan_Alt142,IRL,A world of demon slayers and breathing techniques.
My Hero Academia_Alt143,Serial,A universe with Saiyans and ki battles.
MGS_Alt144,Book,A universe with Saiyans and ki battles.
DC_Alt145,Manga,A universe full of superheroes and villains.
Diablo_Alt146,Game,A universe full of superheroes and villains.
Overlord_Alt147,IRL,A hero society with quirks.
Minecraft_Alt148,Anime,A hero society with quirks.
Fate_Alt149,Game,A world where stands rule everything.
Tekken_Alt150,Serial,A universe full of superheroes and villains.
Dark Souls_Alt151,Game,A world of soul reapers and hollows.
The Witcher_Alt152,Book,A virtual reality gaming universe.
Guilty Gear_Alt153,Game,A world of pirates and devil fruits.
Halo_Alt154,Game,A dark and gritty world of crime and power.
Attack on Titan_Alt155,Serial,A world where stands rule everything.
Marvel_Alt156,Movie,A dark and gritty world of crime and power.
Dark Souls_Alt157,Game,A world of demon slayers and breathing techniques.
Re Zero_Alt158,IRL,A post-apocalyptic world with titans.
RealWorld_Alt159,Serial,A post-apocalyptic world with titans.
Mass Effect_Alt160,Game,A hero society with quirks.
That Time I Got Reincarnated_Alt161,Game,A universe full of superheroes and villains.
Tekken_Alt162,IRL,A dark and gritty world of crime and power.
Evangelion_Alt163,Book,A post-apocalyptic world with titans.
Tekken_Alt164,Book,A virtual reality gaming universe.
Dark Souls_Alt165,Game,A world of soul reapers and hollows.
Overlord_Alt166,IRL,A ninja world with chakra and jutsu.
Hunter x Hunter_Alt167,Manga,A dark and gritty world of crime and power.
Evangelion_Alt168,Game,A world of pirates and devil fruits.
Street Fighter_Alt169,Comics,A world of soul reapers and hollows.
RealWorld_Alt170,IRL,A ninja world with chakra and jutsu.
One Piece_Alt171,Book,A world of soul reapers and hollows.
Cowboy Bebop_Alt172,Movie,A virtual reality gaming universe.
Fate_Alt173,Comics,A world where stands rule everything.
Game of Thrones_Alt174,Game,A dark and gritty world of crime and power.
Guilty Gear_Alt175,Movie,A ninja world with chakra and jutsu.
Demon Slayer_Alt176,Movie,A virtual reality gaming universe.
Breaking Bad_Alt177,Movie,A hero society with quirks.
Fullmetal Alchemist_Alt178,Anime,A hero society with quirks.
RealWorld_Alt179,Movie,A dark and gritty world of crime and power.
Tekken_Alt180,Movie,A hero society with quirks.
Tokyo Ghoul_Alt181,Book,A universe full of superheroes and villains.
Fate_Alt182,Serial,A dark and gritty world of crime and power.
Fairy Tail_Alt183,Manga,A world of pirates and devil fruits.
Harry Potter_Alt184,Serial,A world of soul reapers and hollows.
Demon Slayer_Alt185,IRL,A world where stands rule everything.
RealWorld_Alt186,Movie,A world of demon slayers and breathing techniques.
Naruto_Alt187,Comics,A universe with Saiyans and ki battles.
One Piece_Alt188,Game,A post-apocalyptic world with titans.
Elden Ring_Alt189,Movie,A world where stands rule everything.
Warcraft_Alt190,Anime,A dark and gritty world of crime and power.
Sword Art Online_Alt191,Movie,A world of demon slayers and breathing techniques.
Cowboy Bebop_Alt192,Game,A world where stands rule everything.
Dark Souls_Alt193,Anime,A virtual reality gaming universe.
Game of Thrones_Alt194,Comics,A universe with Saiyans and ki battles.
Fate_Alt195,Comics,A universe with Saiyans and ki battles.
One Piece_Alt196,Serial,A universe with Saiyans and ki battles.
Elden Ring_Alt197,Game,A hero society with quirks.
Sword Art Online_Alt198,Game,A universe with Saiyans and ki battles.
Mass Effect_Alt199,Comics,A universe with Saiyans and ki battles.
Game of Thrones_Alt200,Book,A post-apocalyptic world with titans.
Dragon Ball_Alt201,Serial,A world of demon slayers and breathing techniques.
Dragon Ball_Alt202,Manga,A ninja world with chakra and jutsu.
Bleach_Alt203,Comics,A virtual reality gaming universe.
Minecraft_Alt204,Game,A world of soul reapers and hollows.
Fullmetal Alchemist_Alt205,Movie,A world of pirates and devil fruits.
Re Zero_Alt206,Game,A world of demon slayers and breathing techniques.
God of War_Alt207,IRL,A world where stands rule everything.
BlazBlue_Alt208,Anime,A dark and gritty world of crime and power.
BlazBlue_Alt209,Serial,A world of soul reapers and hollows.
Fairy Tail_Alt210,Serial,A virtual reality gaming universe.
Sword Art Online_Alt211,IRL,A world of soul reapers and hollows.
Sword Art Online_Alt212,Movie,A world of demon slayers and breathing techniques.
Game of Thrones_Alt213,Comics,A universe with Saiyans and ki battles.
Hellsing_Alt214,Comics,A world of pirates and devil fruits.
DC_Alt215,Movie,A world of pirates and devil fruits.
Mass Effect_Alt216,Book,A dark and gritty world of crime and power.
One Piece_Alt217,Serial,A universe full of superheroes and villains.
Bleach_Alt218,Comics,A world of soul reapers and hollows.
Mass Effect_Alt219,Comics,A universe with Saiyans and ki battles.
Gurren Lagann_Alt220,Anime,A post-apocalyptic world with titans.
Demon Slayer_Alt221,Book,A world of pirates and devil fruits.
Hunter x Hunter_Alt222,Anime,A post-apocalyptic world with titans.
Konosuba_Alt223,Serial,A universe full of superheroes and villains.
Star Wars_Alt224,Movie,A ninja world with chakra and jutsu.
That Time I Got Reincarnated_Alt225,Manga,A virtual reality gaming universe.
BlazBlue_Alt226,Game,A ninja world with chakra and jutsu.
Trigun_Alt227,Game,A world of demon slayers and breathing techniques.
Hunter x Hunter_Alt228,Serial,A ninja world with chakra and jutsu.
Tekken_Alt229,Anime,A universe with Saiyans and ki battles.
Elder Scrolls_Alt230,Manga,A universe full of superheroes and villains.
JJBA_Alt231,Anime,A ninja world with chakra and jutsu.
Street Fighter_Alt232,Comics,A universe with Saiyans and ki battles.
Halo_Alt233,Anime,A universe full of superheroes and villains.
Elden Ring_Alt234,Game,A virtual reality gaming universe.
Evangelion_Alt235,Comics,A virtual reality gaming universe.
Marvel_Alt236,Book,A post-apocalyptic world with titans.
God of War_Alt237,Book,A universe with Saiyans and ki battles.
Diablo_Alt238,Comics,A post-apocalyptic world with titans.
Elder Scrolls_Alt239,Anime,A world of soul reapers and hollows.
Fullmetal Alchemist_Alt240,Game,A world of pirates and devil fruits.
BlazBlue_Alt241,Comics,A world where stands rule everything.
Re Zero_Alt242,Comics,A universe full of superheroes and villains.
Elder Scrolls_Alt243,Book,A virtual reality gaming universe.
Game of Thrones_Alt244,IRL,A dark and gritty world of crime and power.
Fullmetal Alchemist_Alt245,Comics,A hero society with quirks.
BlazBlue_Alt246,Game,A universe with Saiyans and ki battles.
Marvel_Alt247,Anime,A hero society with quirks.
That Time I Got Reincarnated_Alt248,Book,A virtual reality gaming universe.
BlazBlue_Alt249,Manga,A dark and gritty world of crime and power.
Evangelion_Alt250,Comics,A world where stands rule everything.
Fullmetal Alchemist_Alt251,IRL,A world where stands rule everything.
Dragon Ball_Alt252,Manga,A dark and gritty world of crime and power.
Konosuba_Alt253,Manga,A world of soul reapers and hollows.
God of War_Alt254,Manga,A hero society with quirks.
Breaking Bad_Alt255,Serial,A post-apocalyptic world with titans.
My Hero Academia_Alt256,IRL,A dark and gritty world of crime and power.
Lord of the Rings_Alt257,Game,A world of pirates and devil fruits.
Trigun_Alt258,Anime,A world of pirates and devil fruits.
Attack on Titan_Alt259,Comics,A post-apocalyptic world with titans.
Fairy Tail_Alt260,Comics,A post-apocalyptic world with titans.
Elder Scrolls_Alt261,Comics,A ninja world with chakra and jutsu.
Star Wars_Alt262,IRL,A world of pirates and devil fruits.
Elden Ring_Alt263,IRL,A dark and gritty world of crime and power.
Hellsing_Alt264,Serial,A world of soul reapers and hollows.
Sword Art Online_Alt265,Serial,A ninja world with chakra and jutsu.
Dark Souls_Alt266,Game,A universe full of superheroes and villains.
The Witcher_Alt267,Book,A world of demon slayers and breathing techniques.
Halo_Alt268,Anime,A world of demon slayers and breathing techniques.
Bleach_Alt269,Serial,A hero society with quirks.
Cowboy Bebop_Alt270,IRL,A post-apocalyptic world with titans.
Demon Slayer_Alt271,Comics,A world of soul reapers and hollows.
RE_Alt272,Game,A world of pirates and devil fruits.
Fullmetal Alchemist_Alt273,Book,A ninja world with chakra and jutsu.
Street Fighter_Alt274,IRL,A post-apocalyptic world with titans.
RE_Alt275,IRL,A universe full of superheroes and villains.
God of War_Alt276,Book,A dark and gritty world of crime and power.
Overlord_Alt277,Serial,A world of soul reapers and hollows.
Elden Ring_Alt278,IRL,A universe full of superheroes and villains.
Halo_Alt279,Serial,A virtual reality gaming universe.
Demon Slayer_Alt280,Serial,A dark and gritty world of crime and power.
Tekken_Alt281,IRL,A universe with Saiyans and ki battles.
JJBA_Alt282,Anime,A universe with Saiyans and ki battles.
Street Fighter_Alt283,Serial,A world of soul reapers and hollows.
Hunter x Hunter_Alt284,Book,A hero society with quirks.
Demon Slayer_Alt285,Movie,A hero society with quirks.
Dota_Alt286,Movie,A post-apocalyptic world with titans.
Elden Ring_Alt287,Serial,A universe full of superheroes and villains.
The Witcher_Alt288,IRL,A dark and gritty world of crime and power.
Naruto_Alt289,Game,A hero society with quirks.
MGS_Alt290,Game,A world where stands rule everything.
God of War_Alt291,Serial,A world of soul reapers and hollows.
Fate_Alt292,IRL,A post-apocalyptic world with titans.
Gurren Lagann_Alt293,Book,A post-apocalyptic world with titans.
Fullmetal Alchemist_Alt294,Anime,A dark and gritty world of crime and power.
Marvel_Alt295,Manga,A universe full of superheroes and villains.
Bleach_Alt296,Movie,A world of soul reapers and hollows.
Mortal Kombat_Alt297,IRL,A world of soul reapers and hollows.
Gurren Lagann_Alt298,Book,A world of pirates and devil fruits.
Sword Art Online_Alt299,Comics,A world where stands rule everything.
My Hero Academia_Alt300,IRL,A hero society with quirks.
Fairy Tail_Alt301,Serial,A world of demon slayers and breathing techniques.
Dragon Ball_Alt302,Game,A world of demon slayers and breathing techniques.
Dota_Alt303,Anime,A hero society with quirks.
Marvel_Alt304,Game,A universe full of superheroes and villains.
JJBA_Alt305,Serial,A universe full of superheroes and villains.
Minecraft_Alt306,Game,A universe with Saiyans and ki battles.
That Time I Got Reincarnated_Alt307,Anime,A universe with Saiyans and ki battles.
Dragon Ball_Alt308,Game,A world of soul reapers and hollows.
Tokyo Ghoul_Alt309,Game,A post-apocalyptic world with titans.
Halo_Alt310,Game,A world where stands rule everything.
Breaking Bad_Alt311,Book,A universe full of superheroes and villains.
Halo_Alt312,Book,A world of demon slayers and breathing techniques.
Tokyo Ghoul_Alt313,IRL,A dark and gritty world of crime and power.
Cyberpunk_Alt314,Anime,A world where stands rule everything.
Harry Potter_Alt315,Comics,A world of pirates and devil fruits.
BlazBlue_Alt316,Manga,A world of pirates and devil fruits.
BlazBlue_Alt317,Anime,A world of demon slayers and breathing techniques.
That Time I Got Reincarnated_Alt318,Manga,A virtual reality gaming universe.
Evangelion_Alt319,Manga,A ninja world with chakra and jutsu.
DC_Alt320,IRL,A universe full of superheroes and villains.
Warcraft_Alt321,Comics,A virtual reality gaming universe.
Re Zero_Alt322,Anime,A universe with Saiyans and ki battles.
Minecraft_Alt323,Game,A world where stands rule everything.
My Hero Academia_Alt324,Game,A universe full of superheroes and villains.
Fairy Tail_Alt325,Book,A universe with Saiyans and ki battles.
Tekken_Alt326,Book,A post-apocalyptic world with titans.
BlazBlue_Alt327,IRL,A virtual reality gaming universe.
My Hero Academia_Alt328,Book,A universe with Saiyans and ki battles.
Naruto_Alt329,Manga,A world of pirates and devil fruits.
Star Wars_Alt330,Movie,A ninja world with chakra and jutsu.
That Time I Got Reincarnated_Alt331,Comics,A universe full of superheroes and villains.
JJBA_Alt332,Serial,A world of soul reapers and hollows.
MGS_Alt333,Game,A world of soul reapers and hollows.
Hunter x Hunter_Alt334,Manga,A post-apocalyptic world with titans.
The Witcher_Alt335,Comics,A dark and gritty world of crime and power.
Attack on Titan_Alt336,Book,A world of pirates and devil fruits.
Attack on Titan_Alt337,Book,A ninja world with chakra and jutsu.
JJBA_Alt338,Anime,A universe full of superheroes and villains.
Overlord_Alt339,Anime,A ninja world with chakra and jutsu.
Elden Ring_Alt340,Manga,A dark and gritty world of crime and power.
My Hero Academia_Alt341,Game,A world of pirates and devil fruits.
Diablo_Alt342,Serial,A universe full of superheroes and villains.
Hellsing_Alt343,Comics,A world of pirates and devil fruits.
One Piece_Alt344,Movie,A dark and gritty world of crime and power.
Dota_Alt345,Serial,A hero society with quirks.
Fullmetal Alchemist_Alt346,Game,A universe with Saiyans and ki battles.
Mass Effect_Alt347,Manga,A world of demon slayers and breathing techniques.
Guilty Gear_Alt348,IRL,A world of pirates and devil fruits.
DC_Alt349,Serial,A hero society with quirks.
That Time I Got Reincarnated_Alt350,Book,A universe full of superheroes and villains.
MGS_Alt351,Manga,A world of pirates and devil fruits.
The Witcher_Alt352,Serial,A virtual reality gaming universe.
Fullmetal Alchemist_Alt353,Manga,A world of pirates and devil fruits.
Warcraft_Alt354,Book,A dark and gritty world of crime and power.
Tokyo Ghoul_Alt355,Movie,A ninja world with chakra and jutsu.
Street Fighter_Alt356,IRL,A virtual reality gaming universe.
Demon Slayer_Alt357,Game,A world where stands rule everything.
Evangelion_Alt358,Serial,A world of demon slayers and breathing techniques.
RealWorld_Alt359,Comics,A universe full of superheroes and villains.
Halo_Alt360,Manga,A ninja world with chakra and jutsu.
Re Zero_Alt361,Game,A world of soul reapers and hollows.
Konosuba_Alt362,Book,A universe with Saiyans and ki battles.
My Hero Academia_Alt363,Manga,A post-apocalyptic world with titans.
One Piece_Alt364,Serial,A universe with Saiyans and ki battles.
MGS_Alt365,Game,A world of pirates and devil fruits.
Star Wars_Alt366,Movie,A world where stands rule everything.
RealWorld_Alt367,Movie,A world of pirates and devil fruits.
RealWorld_Alt368,Serial,A hero society with quirks.
Harry Potter_Alt369,Game,A virtual reality gaming universe.
Minecraft_Alt370,Comics,A world where stands rule everything.
Mass Effect_Alt371,Serial,A post-apocalyptic world with titans.
RE_Alt372,Anime,A virtual reality gaming universe.
Harry Potter_Alt373,Anime,A universe full of superheroes and villains.
DC_Alt374,IRL,A ninja world with chakra and jutsu.
Re Zero_Alt375,Movie,A dark and gritty world of crime and power.
Bleach_Alt376,Manga,A world of pirates and devil fruits.
Fairy Tail_Alt377,Comics,A world of pirates and devil fruits.
Demon Slayer_Alt378,Comics,A post-apocalyptic world with titans.
My Hero Academia_Alt379,IRL,A virtual reality gaming universe.
Breaking Bad_Alt380,Comics,A virtual reality gaming universe.
Tokyo Ghoul_Alt381,Anime,A world of demon slayers and breathing techniques.
Star Wars_Alt382,Book,A universe full of superheroes and villains.
RE_Alt383,Book,A world where stands rule everything.
Gurren Lagann_Alt384,IRL,A ninja world with chakra and jutsu.
Attack on Titan_Alt385,Manga,A dark and gritty world of crime and power.
Star Wars_Alt386,Game,A world of demon slayers and breathing techniques.
Minecraft_Alt387,Anime,A world where stands rule everything.
Fullmetal Alchemist_Alt388,Book,A world of pirates and devil fruits.
One Piece_Alt389,Comics,A world of pirates and devil fruits.
Demon Slayer_Alt390,Manga,A world of pirates and devil fruits.
Lord of the Rings_Alt391,Serial,A world of soul reapers and hollows.
Fairy Tail_Alt392,Manga,A world where stands rule everything.
Tekken_Alt393,IRL,A world of pirates and devil fruits.
Harry Potter_Alt394,Game,A hero society with quirks.
Trigun_Alt395,Anime,A world where stands rule everything.
Dota_Alt396,Book,A dark and gritty world of crime and power.
Trigun_Alt397,Anime,A world of soul reapers and hollows.
Lord of the Rings_Alt398,Movie,A post-apocalyptic world with titans.
Dragon Ball_Alt399,Manga,A universe full of superheroes and villains.
MGS_Alt400,Movie,A world of pirates and devil fruits.
Warcraft_Alt401,Manga,A virtual reality gaming universe.
Elder Scrolls_Alt402,Comics,A world of demon slayers and breathing techniques.
Naruto_Alt403,Comics,A post-apocalyptic world with titans.
Elden Ring_Alt404,IRL,A world of soul reapers and hollows.
Harry Potter_Alt405,Movie,A world of demon slayers and breathing techniques.
Sword Art Online_Alt406,Game,A world of soul reapers and hollows.
Trigun_Alt407,Manga,A world of pirates and devil fruits.
Elder Scrolls_Alt408,IRL,A virtual reality gaming universe.
Re Zero_Alt409,Game,A hero society with quirks.
Lord of the Rings_Alt410,Book,A world of pirates and devil fruits.
That Time I Got Reincarnated_Alt411,Serial,A world of soul reapers and hollows.
Hellsing_Alt412,Serial,A universe with Saiyans and ki battles.
Overlord_Alt413,Book,A hero society with quirks.
Elden Ring_Alt414,IRL,A universe full of superheroes and villains.
Fullmetal Alchemist_Alt415,Movie,A universe full of superheroes and villains.
Mass Effect_Alt416,Book,A hero society with quirks.
Game of Thrones_Alt417,Book,A virtual reality gaming universe.
Harry Potter_Alt418,Game,A universe with Saiyans and ki battles.
Star Wars_Alt419,Game,A world of demon slayers and breathing techniques.
God of War_Alt420,Book,A world of pirates and devil fruits.
Trigun_Alt421,Book,A ninja world with chakra and jutsu.
Breaking Bad_Alt422,Serial,A universe with Saiyans and ki battles.
Lord of the Rings_Alt423,Book,A world of soul reapers and hollows.
Fullmetal Alchemist_Alt424,Serial,A world of demon slayers and breathing techniques.
One Piece_Alt425,Manga,A world of demon slayers and breathing techniques.
Breaking Bad_Alt426,Anime,A universe with Saiyans and ki battles.
Marvel_Alt427,Serial,A ninja world with chakra and jutsu.
DC_Alt428,IRL,A world where stands rule everything.
Guilty Gear_Alt429,Game,A world where stands rule everything.
Tokyo Ghoul_Alt430,Manga,A world where stands rule everything.
That Time I Got Reincarnated_Alt431,Movie,A dark and gritty world of crime and power.
Diablo_Alt432,Manga,A hero society with quirks.
Elder Scrolls_Alt433,Anime,A dark and gritty world of crime and power.
Demon Slayer_Alt434,Book,A virtual reality gaming universe.
Tekken_Alt435,Serial,A hero society with quirks.
Tekken_Alt436,IRL,A world of soul reapers and hollows.
DC_Alt437,Serial,A world of demon slayers and breathing techniques.
Demon Slayer_Alt438,Movie,A virtual reality gaming universe.
Fate_Alt439,Anime,A ninja world with chakra and jutsu.
Harry Potter_Alt440,Movie,A virtual reality gaming universe.
JJBA_Alt441,Manga,A world of pirates and devil fruits.
Demon Slayer_Alt442,Book,A world of pirates and devil fruits.
Demon Slayer_Alt443,Book,A universe with Saiyans and ki battles.
Star Wars_Alt444,Anime,A dark and gritty world of crime and power.
RE_Alt445,Game,A world of pirates and devil fruits.
That Time I Got Reincarnated_Alt446,Game,A post-apocalyptic world with titans.
My Hero Academia_Alt447,Movie,A dark and gritty world of crime and power.
Overlord_Alt448,IRL,A virtual reality gaming universe.
Bleach_Alt449,Game,A universe with Saiyans and ki battles.
Trigun_Alt450,Book,A world where stands rule everything.
Diablo_Alt451,Game,A dark and gritty world of crime and power.
Sword Art Online_Alt452,Game,A world of demon slayers and breathing techniques.
DC_Alt453,IRL,A post-apocalyptic world with titans.
God of War_Alt454,Serial,A universe with Saiyans and ki battles.
Tokyo Ghoul_Alt455,Comics,A virtual reality gaming universe.
Bleach_Alt456,Book,A hero society with quirks.
Street Fighter_Alt457,IRL,A post-apocalyptic world with titans.
Fullmetal Alchemist_Alt458,Anime,A universe with Saiyans and ki battles.
Tekken_Alt459,IRL,A universe full of superheroes and villains.
Gurren Lagann_Alt460,Anime,A world of pirates and devil fruits.
Tekken_Alt461,Movie,A universe with Saiyans and ki battles.
Marvel_Alt462,Comics,A universe with Saiyans and ki battles.
Fairy Tail_Alt463,Anime,A world of demon slayers and breathing techniques.
That Time I Got Reincarnated_Alt464,Serial,A post-apocalyptic world with titans.
Minecraft_Alt465,Anime,A universe full of superheroes and villains.
Dragon Ball_Alt466,Movie,A universe full of superheroes and villains.
Fullmetal Alchemist_Alt467,Comics,A world of demon slayers and breathing techniques.
Re Zero_Alt468,IRL,A world of soul reapers and hollows.
Fate_Alt469,Anime,A world of pirates and devil fruits.
DC_Alt470,Serial,A hero society with quirks.
Tokyo Ghoul_Alt471,Comics,A world of soul reapers and hollows.
Trigun_Alt472,Game,A ninja world with chakra and jutsu.
Gurren Lagann_Alt473,Comics,A virtual reality gaming universe.
Tekken_Alt474,Book,A world where stands rule everything.
Fullmetal Alchemist_Alt475,Comics,A post-apocalyptic world with titans.
That Time I Got Reincarnated_Alt476,Comics,A world of soul reapers and hollows.
Fullmetal Alchemist_Alt477,IRL,A world of soul reapers and hollows.
Bleach_Alt478,Manga,A universe full of superheroes and villains.
Fullmetal Alchemist_Alt479,Movie,A universe full of superheroes and villains.
Tekken_Alt480,Movie,A world of pirates and devil fruits.
Guilty Gear_Alt481,Book,A post-apocalyptic world with titans.
Tekken_Alt482,Manga,A world of soul reapers and hollows.
Dragon Ball_Alt483,Movie,A dark and gritty world of crime and power.
Sword Art Online_Alt484,Book,A world of soul reapers and hollows.
Attack on Titan_Alt485,Serial,A ninja world with chakra and jutsu.
Mortal Kombat_Alt486,Movie,A universe with Saiyans and ki battles.
My Hero Academia_Alt487,Movie,A hero society with quirks.
One Piece_Alt488,Serial,A universe with Saiyans and ki battles.
Marvel_Alt489,Anime,A universe with Saiyans and ki battles.
Game of Thrones_Alt490,Book,A post-apocalyptic world with titans.
Elder Scrolls_Alt491,Anime,A virtual reality gaming universe.
Tokyo Ghoul_Alt492,Serial,A world of soul reapers and hollows.
MGS_Alt493,Book,A dark and gritty world of crime and power.
Halo_Alt494,IRL,A dark and gritty world of crime and power.
Mortal Kombat_Alt495,Comics,A dark and gritty world of crime and power.
The Witcher_Alt496,Manga,A ninja world with chakra and jutsu.
Elden Ring_Alt497,Comics,A universe full of superheroes and villains.
Overlord_Alt498,Manga,A hero society with quirks.
Trigun_Alt499,Serial,A dark and gritty world of crime and power.
